username,text
Canadanewsmedia,OnePlus 8T and 8T Pro likely to feature 64MP camera - CanIndia News has been published on Canada News Media - https://canadanewsmedia.ca/oneplus-8t-and-8t-pro-likely-to-feature-64mp-camera-canindia-news/ … #news pic.twitter.com/nG5jJwCnhv
Tickeron,"$STAR's price moved below its 50-day Moving Average on July 24, 2020. View odds for this and other indicators: https://tickeron.com/go/1900979  #iStar #stockmarket #stock #technicalanalysis #money #trading #investing #daytrading #news #todaypic.twitter.com/CZwxeiTXAh"
PolitiHUB,Harris seen as Biden VP favorite as clock ticks #politics #news #USPolitiHUBhttps://thehill.com/homenews/campaign/508959-harris-seen-as-biden-vp-favorite-as-clock-ticks …
Tickeron,"$SRCE in Uptrend: price expected to rise as it breaks its lower Bollinger Band on July 9, 2020. View odds for this and other indicators: https://tickeron.com/go/1900978  #1stSource #stockmarket #stock #technicalanalysis #money #trading #investing #daytrading #news #todaypic.twitter.com/dsPe7PA9if"
Tickeron,$FFG in Uptrend: Stochastic indicator sits in overbought zone for 1 day. View odds for this and other indicators: https://tickeron.com/go/1900977  #stockmarket #stock #technicalanalysis #money #trading #investing #daytrading #news #todaypic.twitter.com/mAlZKRleYB
112.ua,"От коронавируса умер врач украинской сборной по футболу Антон Худаев

#новини #новости #news #Ukraine #Украина #Українаhttps://112.ua/sport/ot-koronavirusa-umer-vrach-ukrainskoy-sbornoy-po-futbolu-anton-hudaev-544190.html …"
Canadanewsmedia,Coronavirus: What's happening around the world on July 25 - http://CBC.ca  has been published on Canada News Media - https://canadanewsmedia.ca/coronavirus-whats-happening-around-the-world-on-july-25-cbc-ca/ … #news
Tickeron,"$DHC's price moved below its 50-day Moving Average on July 16, 2020. View odds for this and other indicators: https://tickeron.com/go/1900976  #DiversifiedHealthcareTrust #stockmarket #stock #technicalanalysis #money #trading #investing #daytrading #news #todaypic.twitter.com/aStLx346VY"
Drum and Basslines,Check out DnBUnited at https://www.youtube.com/watch?v=j4fp-XC8zGw … http://www.dnbunited.com  for #Latest #Releases #News and monthly #Podcast
of today,"Kathie Lee Gifford, Kelly Ripa and more pay tribute to Regis Philbin  http://news.of.today  | telling the untold #news Loving tributes to Regis Philbin began pouring in on social media shortly after his death was announced on Saturday.
    
  https://t.of.today/nXj5o pic.twitter.com/GiUtE3vCc8"
中国上海情報(@shanghai_info),"＜直言！日本と世界の未来＞1年後に迫った東京五輪の命運―立石信雄オムロン元会長 
来年夏に延期された東京オリンピック・パラリンピックの開幕まで、あと1年に迫った。開催が待ち遠しいが、課題は山積しているようだ。世界で新型コ… 

 https://news.livedoor.com/article/detail/18631952/ … #中国 #韓国 #ニュース #NEWS #CHINApic.twitter.com/x71Cs0r42p"
Radar 24,"TSE ordena revisión de votos nulos a nivel de diputaciones, cuadre de actas de escrutinio y rechaza recuento de votos

#Radar24RD #Radar24h #RD #Noticias #News #Elecciones2020
#TSE #Tribunal #Diputados #Votoshttps://radar24.do/tse-ordena-revision-de-votos-nulos-a-nivel-de-diputaciones-cuadre-de-actas-de-escrutinio-y-rechaza-recuento-de-votos/ …"
Tickeron,"$STC's Aroon indicator reaches into Uptrend on July 24, 2020. View odds for this and other indicators: https://tickeron.com/go/1900974  #StewartInformationServices #stockmarket #stock #technicalanalysis #money #trading #investing #daytrading #news #todaypic.twitter.com/UhbHQK4w9Q"
Canadanewsmedia,COVID-19 quarantines reduce seismic noise across the globe - CNET has been published on Canada News Media - https://canadanewsmedia.ca/covid-19-quarantines-reduce-seismic-noise-across-the-globe-cnet/ … #news pic.twitter.com/POQycDq8jl
Tickeron,"$WBT's 10-day Moving Average broke above its 50-day Moving Average on July 21, 2020. View odds for this and other indicators: https://tickeron.com/go/1900972  #Welbilt #stockmarket #stock #technicalanalysis #money #trading #investing #daytrading #news #todaypic.twitter.com/uChuUsSX1s"
小森 まことに (元碁郎),"#NEWS #我思う事 たけし 東京五輪の日程問題でIOCに苦言「金ばっかり儲けようとしやがって」 https://www.sponichi.co.jp/entertainment/news/2020/07/25/kiji/20200726s00041000031000c.html …
流石、たけしさんですね｡
こんな事を言ってのけるのは､立川談志さんか
たけしさんぐらいですよね｡
私も同じ思いです｡"
Tickeron,"$SCHL's 10-day Moving Average crossed below its 50-day Moving Average on July 6, 2020. View odds for this and other indicators: https://tickeron.com/go/1900971  #Scholastic #stockmarket #stock #technicalanalysis #money #trading #investing #daytrading #news #todaypic.twitter.com/l1SR6BDRvu"
Balkingpoints.com,"At $22 million, Balkingpoints is underpaid in this job and may go on strike soon...   
 #NFL #news https://twitter.com/Balkingpoints/status/1287174449188438017 …"
